<?xml version="1.0" encoding="UTF-8"?>
<!--
  Licensed to the Apache Software Foundation (ASF) under one or more
  contributor license agreements.  See the NOTICE file distributed with
  this work for additional information regarding copyright ownership.
  The ASF licenses this file to You under the Apache License, Version 2.0
  (the "License"); you may not use this file except in compliance with
  the License.  You may obtain a copy of the License at

  http://www.apache.org/licenses/LICENSE-2.0

  Unless required by applicable law or agreed to in writing, software
  distributed under the License is distributed on an "AS IS" BASIS,
  WITHOUT WARRANTIES OR CONDITIONS OF ANY KIND, either express or implied.
  See the License for the specific language governing permissions and
  limitations under the License.
-->
<!DOCTYPE log4j:configuration SYSTEM "log4j.dtd" >
<log4j:configuration>
  <appender name="stdout" class="org.apache.log4j.ConsoleAppender">
    <layout class="org.apache.log4j.PatternLayout">
      <param name="ConversionPattern" value="%d{ABSOLUTE}
      %5p %c{1} - %m%n"/>
    </layout>
  </appender>
  
  <category name="org.thymeleaf.TemplateEngine">
    <priority value="trace"/>
  </category>

  <category name="org.thymeleaf.dom.DOMSelector">
    <priority value="trace"/>
  </category>

  <root>
    <priority value="trace"></priority>
    <appender-ref ref="stdout"/>
  </root>
</log4j:configuration>